{
  "text": " This was the shortest war in human history. It started at 9.02 a.m., and by 9.40, it was over. The Anglo-Zanzibar War lasted just 38 minutes. Yes, minutes. So what happened? In 1896, a new sultan took power in Zanzibar. But the British didn't like him. They gave him an ultimatum, step down, or face war. He said no. The British bombarded his palace, sank his yacht, and destroyed his artillery, all within half an hour. He surrendered, and the British took control over Zanzibar.",
  "segments": [
    {
      "id": 0,
      "seek": 0,
      "start": 0,
      "end": 6.16,
      "text": " This was the shortest war in human history. It started at 9.02 a.m., and by 9.40, it was over.",
      "tokens": [
        50365,
        639,
        390,
        264,
        31875,
        1516,
        294,
        1952,
        2503,
        13,
        467,
        1409,
        412,
        1722,
        13,
        12756,
        257,
        13,
        76,
        7933,
        293,
        538,
        1722,
        13,
        5254,
        11,
        309,
        390,
        670,
        13,
        50673
      ],
      "temperature": 0,
      "avg_logprob": -0.06697387,
      "compression_ratio": 1.4523809,
      "no_speech_prob": 8.4560164e-13
    },
    {
      "id": 1,
      "seek": 0,
      "start": 6.6,
      "end": 13.92,
      "text": " The Anglo-Zanzibar War lasted just 38 minutes. Yes, minutes. So what happened? In 1896, a new",
      "tokens": [
        50695,
        440,
        49570,
        12,
        57,
        3910,
        897,
        289,
        3630,
        21116,
        445,
        12843,
        2077,
        13,
        1079,
        11,
        2077,
        13,
        407,
        437,
        2011,
        30,
        682,
        2443,
        22962,
        11,
        257,
        777,
        51061
      ],
      "temperature": 0,
      "avg_logprob": -0.06697387,
      "compression_ratio": 1.4523809,
      "no_speech_prob": 8.4560164e-13
    },
    {
      "id": 2,
      "seek": 0,
      "start": 13.92,
      "end": 18.8,
      "text": " sultan took power in Zanzibar. But the British didn't like him. They gave him an ultimatum,",
      "tokens": [
        51061,
        262,
        19911,
        1890,
        1347,
        294,
        1176,
        3910,
        897,
        289,
        13,
        583,
        264,
        6221,
        994,
        380,
        411,
        796,
        13,
        814,
        2729,
        796,
        364,
        3725,
        33862,
        449,
        11,
        51305
      ],
      "temperature": 0,
      "avg_logprob": -0.06697387,
      "compression_ratio": 1.4523809,
      "no_speech_prob": 8.4560164e-13
    },
    {
      "id": 3,
      "seek": 0,
      "start": 19.2,
      "end": 24.98,
      "text": " step down, or face war. He said no. The British bombarded his palace, sank his yacht,",
      "tokens": [
        51325,
        1823,
        760,
        11,
        420,
        1851,
        1516,
        13,
        634,
        848,
        572,
        13,
        440,
        6221,
        7851,
        22803,
        702,
        15207,
        11,
        43746,
        702,
        39629,
        11,
        51614
      ],
      "temperature": 0,
      "avg_logprob": -0.06697387,
      "compression_ratio": 1.4523809,
      "no_speech_prob": 8.4560164e-13
    },
    {
      "id": 4,
      "seek": 2498,
      "start": 24.98,
      "end": 28.18,
      "text": " and destroyed his artillery, all within half an hour.",
      "tokens": [
        50365,
        293,
        8937,
        702,
        31115,
        11,
        439,
        1951,
        1922,
        364,
        1773,
        13,
        50525
      ],
      "temperature": 0,
      "avg_logprob": -0.17276736,
      "compression_ratio": 1.13,
      "no_speech_prob": 4.5074564e-13
    },
    {
      "id": 5,
      "seek": 2498,
      "start": 28.18,
      "end": 31.66,
      "text": " He surrendered, and the British took control over Zanzibar.",
      "tokens": [
        50525,
        634,
        48802,
        11,
        293,
        264,
        6221,
        1890,
        1969,
        670,
        1176,
        3910,
        897,
        289,
        13,
        50699
      ],
      "temperature": 0,
      "avg_logprob": -0.17276736,
      "compression_ratio": 1.13,
      "no_speech_prob": 4.5074564e-13
    }
  ]
}